age,job,marital,education,housing,loan,contact,month,day_of_week,duration,campaign,pdays,previous,poutcome
36,technician,married,professional.course,no,no,cellular,oct,thu,667,1,999,0,nonexistent
22,services,single,high.school,yes,yes,cellular,jun,mon,181,1,999,0,nonexistent
38,admin.,single,university.degree,yes,no,cellular,sep,wed,153,1,3,1,success
53,management,married,university.degree,no,no,cellular,jul,tue,477,2,999,0,nonexistent
39,entrepreneur,single,basic.6y,yes,no,telephone,may,thu,77,2,999,0,nonexistent
60,entrepreneur,married,basic.4y,yes,no,telephone,may,wed,236,1,999,0,nonexistent
43,services,married,high.school,no,no,telephone,may,thu,130,3,999,0,nonexistent
36,technician,married,university.degree,no,no,cellular,aug,tue,99,5,999,0,nonexistent
30,admin.,single,high.school,yes,no,cellular,may,mon,158,2,999,0,nonexistent
48,admin.,married,high.school,no,no,cellular,nov,wed,1061,4,999,0,nonexistent
